whole wheat rice,salmon,hamburger,spaghetti,turkey,pasta,chicken,rice,green tea,frozen smoothie,milk,,,,
energy bar,pasta,chicken,mineral water,avocado,tomato juice,salmon,shrimp,mayonnaise,,,,,,
low fat yogurt,cottage cheese,tomato juice,chicken,turkey,mineral water,cookies,ground beef,vegetables mix,almonds,whole wheat rice,,,,
whole wheat rice,spaghetti,rice,green grapes,tomato juice,chocolate,almonds,low fat yogurt,cottage cheese,energy bar,hamburger,,,,
pepper,energy bar,vegetables mix,cooking oil,green grapes,ground beef,rice,chocolate,mineral water,eggs,shrimp,pasta,sparkling water,mayonnaise,
turkey,milk,cookies,chicken,green tea,grated cheese,mineral water,frozen smoothie,vegetables mix,cooking oil,avocado,,,,
frozen smoothie,green grapes,mayonnaise,eggs,avocado,cottage cheese,ground beef,turkey,vegetables mix,hamburger,cooking oil,sparkling water,,,
asparagus,cookies,green grapes,shrimp,turkey,chicken,green tea,pasta,chocolate,hamburger,vegetables mix,energy bar,mineral water,sparkling water,avocado
chocolate,energy bar,mineral water,avocado,,,,,,,,,,,
green grapes,whole wheat rice,pepper,asparagus,almonds,cottage cheese,salmon,grated cheese,mayonnaise,french fries,chocolate,ground beef,,,
cookies,grated cheese,ground beef,cooking oil,spaghetti,frozen smoothie,green tea,french fries,turkey,chocolate,,,,,
pasta,almonds,,,,,,,,,,,,,
energy bar,sparkling water,asparagus,whole wheat rice,pasta,,,,,,,,,,
energy bar,chocolate,spaghetti,ground beef,almonds,milk,sparkling water,frozen smoothie,avocado,shrimp,green tea,turkey,hamburger,low fat yogurt,green grapes
cooking oil,almonds,,,,,,,,,,,,,
shrimp,vegetables mix,cottage cheese,green tea,milk,chicken,tomato juice,grated cheese,energy bar,french fries,almonds,eggs,ground beef,salmon,avocado
mineral water,chicken,mayonnaise,asparagus,frozen smoothie,tomato juice,cookies,hamburger,spaghetti,,,,,,
mineral water,turkey,milk,,,,,,,,,,,,
pepper,shrimp,whole wheat rice,ground beef,sparkling water,chicken,rice,almonds,green tea,,,,,,
salmon,,,,,,,,,,,,,,
milk,low fat yogurt,vegetables mix,cooking oil,french fries,almonds,avocado,mineral water,eggs,energy bar,spaghetti,rice,black tea,,
eggs,pasta,sparkling water,turkey,french fries,cooking oil,pepper,mineral water,ground beef,mayonnaise,,,,,
whole wheat rice,green tea,ground beef,cooking oil,low fat yogurt,chocolate,pasta,frozen smoothie,tomato juice,mayonnaise,sparkling water,spaghetti,cookies,,
salmon,asparagus,black tea,avocado,hamburger,cottage cheese,,,,,,,,,
chicken,rice,frozen smoothie,almonds,salmon,avocado,spaghetti,green grapes,vegetables mix,black tea,eggs,,,,
chicken,black tea,green grapes,salmon,,,,,,,,,,,
cookies,hamburger,vegetables mix,sparkling water,cooking oil,grated cheese,mineral water,shrimp,almonds,frozen smoothie,tomato juice,cottage cheese,,,
mayonnaise,chocolate,salmon,energy bar,french fries,hamburger,chicken,milk,turkey,grated cheese,ground beef,,,,
mayonnaise,green grapes,eggs,french fries,mineral water,cookies,ground beef,,,,,,,,
eggs,vegetables mix,milk,asparagus,black tea,pasta,mineral water,grated cheese,shrimp,cooking oil,green tea,chicken,,,
hamburger,energy bar,green tea,turkey,chocolate,black tea,french fries,spaghetti,green grapes,,,,,,
mineral water,pasta,french fries,cooking oil,rice,frozen smoothie,spaghetti,low fat yogurt,milk,shrimp,turkey,green tea,asparagus,chicken,
ground beef,salmon,chocolate,hamburger,cookies,,,,,,,,,,
asparagus,cottage cheese,french fries,low fat yogurt,salmon,milk,ground beef,sparkling water,almonds,rice,,,,,
pepper,cooking oil,whole wheat rice,spaghetti,almonds,shrimp,cookies,turkey,cottage cheese,ground beef,chicken,salmon,tomato juice,french fries,chocolate
frozen smoothie,cooking oil,cookies,sparkling water,low fat yogurt,eggs,vegetables mix,,,,,,,,
cottage cheese,low fat yogurt,almonds,chicken,black tea,vegetables mix,salmon,,,,,,,,
energy bar,avocado,frozen smoothie,cooking oil,shrimp,mayonnaise,turkey,spaghetti,milk,green tea,salmon,pepper,asparagus,cottage cheese,
almonds,rice,sparkling water,energy bar,,,,,,,,,,,
vegetables mix,low fat yogurt,spaghetti,hamburger,salmon,shrimp,frozen smoothie,turkey,almonds,energy bar,mineral water,grated cheese,green tea,,
chocolate,green grapes,avocado,green tea,turkey,,,,,,,,,,
chicken,rice,mineral water,pepper,pasta,turkey,low fat yogurt,salmon,black tea,cooking oil,avocado,eggs,green tea,cookies,spaghetti
cookies,,,,,,,,,,,,,,
hamburger,black tea,almonds,milk,salmon,cottage cheese,rice,ground beef,avocado,,,,,,
spaghetti,asparagus,mayonnaise,energy bar,cooking oil,ground beef,frozen smoothie,black tea,milk,whole wheat rice,sparkling water,tomato juice,mineral water,almonds,
chocolate,cooking oil,ground beef,whole wheat rice,sparkling water,french fries,hamburger,turkey,,,,,,,
ground beef,mineral water,sparkling water,pasta,cookies,turkey,,,,,,,,,
turkey,grated cheese,ground beef,chicken,cottage cheese,pasta,cooking oil,french fries,spaghetti,,,,,,
sparkling water,avocado,green grapes,frozen smoothie,cottage cheese,grated cheese,,,,,,,,,
vegetables mix,chocolate,mayonnaise,grated cheese,energy bar,hamburger,,,,,,,,,
hamburger,black tea,almonds,salmon,eggs,rice,vegetables mix,low fat yogurt,grated cheese,avocado,pasta,energy bar,,,
mineral water,green grapes,energy bar,rice,low fat yogurt,vegetables mix,salmon,turkey,cottage cheese,cooking oil,asparagus,ground beef,cookies,,
low fat yogurt,frozen smoothie,grated cheese,,,,,,,,,,,,
avocado,low fat yogurt,rice,milk,spaghetti,,,,,,,,,,
pasta,ground beef,chocolate,green grapes,low fat yogurt,whole wheat rice,tomato juice,,,,,,,,
frozen smoothie,eggs,green grapes,,,,,,,,,,,,
cookies,turkey,mayonnaise,pasta,cooking oil,black tea,pepper,whole wheat rice,hamburger,chocolate,salmon,low fat yogurt,,,
almonds,black tea,chocolate,salmon,eggs,avocado,low fat yogurt,pasta,tomato juice,cooking oil,shrimp,chicken,,,
ground beef,green grapes,low fat yogurt,mineral water,chicken,rice,energy bar,cookies,vegetables mix,tomato juice,french fries,cottage cheese,whole wheat rice,grated cheese,sparkling water
low fat yogurt,pepper,energy bar,mayonnaise,rice,sparkling water,,,,,,,,,
vegetables mix,green grapes,avocado,cooking oil,sparkling water,frozen smoothie,rice,,,,,,,,
cooking oil,avocado,ground beef,chocolate,salmon,turkey,grated cheese,tomato juice,low fat yogurt,pasta,green tea,,,,
shrimp,sparkling water,salmon,chicken,cooking oil,hamburger,mayonnaise,eggs,low fat yogurt,,,,,,
spaghetti,low fat yogurt,milk,,,,,,,,,,,,
mineral water,black tea,low fat yogurt,eggs,salmon,whole wheat rice,mayonnaise,french fries,cookies,shrimp,hamburger,pepper,chocolate,,
pepper,low fat yogurt,vegetables mix,frozen smoothie,whole wheat rice,green grapes,salmon,avocado,tomato juice,mayonnaise,spaghetti,shrimp,,,
energy bar,whole wheat rice,ground beef,frozen smoothie,french fries,cottage cheese,pasta,salmon,asparagus,,,,,,
rice,cottage cheese,avocado,black tea,asparagus,,,,,,,,,,
chocolate,sparkling water,pepper,ground beef,salmon,eggs,energy bar,tomato juice,,,,,,,
energy bar,grated cheese,french fries,,,,,,,,,,,,
grated cheese,,,,,,,,,,,,,,
avocado,hamburger,sparkling water,black tea,shrimp,milk,frozen smoothie,turkey,low fat yogurt,green grapes,cooking oil,vegetables mix,,,
green grapes,,,,,,,,,,,,,,
mineral water,cottage cheese,low fat yogurt,mayonnaise,french fries,tomato juice,grated cheese,avocado,pasta,rice,energy bar,chocolate,whole wheat rice,,
chocolate,rice,hamburger,grated cheese,frozen smoothie,cookies,shrimp,french fries,,,,,,,
grated cheese,frozen smoothie,hamburger,black tea,pepper,green tea,energy bar,avocado,low fat yogurt,whole wheat rice,pasta,french fries,salmon,vegetables mix,green grapes
almonds,cooking oil,green tea,milk,vegetables mix,asparagus,french fries,whole wheat rice,chocolate,energy bar,mayonnaise,sparkling water,green grapes,grated cheese,
sparkling water,shrimp,milk,french fries,chocolate,pepper,asparagus,ground beef,low fat yogurt,black tea,cottage cheese,almonds,grated cheese,hamburger,
rice,asparagus,ground beef,cottage cheese,eggs,grated cheese,green tea,salmon,whole wheat rice,low fat yogurt,spaghetti,frozen smoothie,chocolate,shrimp,black tea
black tea,salmon,low fat yogurt,chocolate,grated cheese,ground beef,rice,asparagus,,,,,,,
chicken,avocado,tomato juice,cookies,energy bar,black tea,green grapes,,,,,,,,
tomato juice,vegetables mix,chicken,mineral water,eggs,rice,avocado,low fat yogurt,spaghetti,green grapes,mayonnaise,frozen smoothie,,,
shrimp,tomato juice,cottage cheese,frozen smoothie,chocolate,,,,,,,,,,
black tea,mineral water,pepper,milk,chocolate,hamburger,cottage cheese,tomato juice,rice,grated cheese,avocado,chicken,green tea,sparkling water,mayonnaise
chicken,cooking oil,almonds,eggs,spaghetti,rice,shrimp,avocado,tomato juice,turkey,whole wheat rice,cottage cheese,grated cheese,mayonnaise,
cookies,frozen smoothie,pepper,french fries,green tea,,,,,,,,,,
mayonnaise,cookies,frozen smoothie,spaghetti,cottage cheese,ground beef,low fat yogurt,whole wheat rice,rice,grated cheese,cooking oil,,,,
mayonnaise,tomato juice,black tea,eggs,grated cheese,pepper,almonds,french fries,cooking oil,ground beef,vegetables mix,chicken,green tea,shrimp,
low fat yogurt,whole wheat rice,cookies,mineral water,,,,,,,,,,,
sparkling water,salmon,hamburger,,,,,,,,,,,,
rice,salmon,eggs,ground beef,chicken,,,,,,,,,,
mayonnaise,energy bar,green grapes,turkey,cookies,eggs,green tea,almonds,cooking oil,sparkling water,,,,,
green tea,eggs,ground beef,cooking oil,avocado,chicken,pepper,sparkling water,,,,,,,
black tea,green grapes,mayonnaise,milk,turkey,cooking oil,cookies,pasta,,,,,,,
asparagus,cooking oil,,,,,,,,,,,,,
milk,mineral water,rice,mayonnaise,vegetables mix,cottage cheese,grated cheese,,,,,,,,
asparagus,mayonnaise,almonds,shrimp,turkey,low fat yogurt,spaghetti,cottage cheese,milk,pepper,frozen smoothie,french fries,hamburger,,
rice,,,,,,,,,,,,,,
sparkling water,avocado,almonds,,,,,,,,,,,,
mayonnaise,frozen smoothie,sparkling water,almonds,chocolate,spaghetti,ground beef,green grapes,mineral water,pepper,grated cheese,pasta,whole wheat rice,shrimp,black tea
vegetables mix,milk,shrimp,cottage cheese,cooking oil,mineral water,cookies,low fat yogurt,green tea,mayonnaise,asparagus,,,,
black tea,frozen smoothie,green tea,turkey,spaghetti,shrimp,milk,mayonnaise,,,,,,,
asparagus,chocolate,milk,rice,ground beef,,,,,,,,,,
chicken,cottage cheese,rice,cooking oil,eggs,,,,,,,,,,
green tea,mineral water,pasta,,,,,,,,,,,,
grated cheese,vegetables mix,mayonnaise,french fries,pasta,low fat yogurt,spaghetti,,,,,,,,
eggs,hamburger,milk,vegetables mix,french fries,salmon,,,,,,,,,
low fat yogurt,cottage cheese,ground beef,whole wheat rice,eggs,chocolate,spaghetti,cookies,,,,,,,
avocado,frozen smoothie,chocolate,green tea,turkey,,,,,,,,,,
rice,salmon,,,,,,,,,,,,,
hamburger,french fries,almonds,,,,,,,,,,,,
turkey,mayonnaise,salmon,low fat yogurt,pepper,green grapes,hamburger,,,,,,,,
mineral water,chocolate,low fat yogurt,cookies,asparagus,vegetables mix,black tea,almonds,shrimp,hamburger,green grapes,avocado,milk,,
shrimp,cooking oil,grated cheese,chicken,almonds,cottage cheese,energy bar,asparagus,sparkling water,green tea,salmon,tomato juice,pasta,milk,
low fat yogurt,pepper,almonds,chocolate,,,,,,,,,,,
spaghetti,,,,,,,,,,,,,,
vegetables mix,grated cheese,energy bar,spaghetti,eggs,french fries,tomato juice,pepper,cookies,cottage cheese,turkey,sparkling water,pasta,almonds,avocado
chocolate,cookies,mineral water,almonds,green tea,hamburger,chicken,pasta,pepper,,,,,,
pasta,avocado,shrimp,mineral water,cookies,tomato juice,hamburger,almonds,cottage cheese,pepper,,,,,
cottage cheese,sparkling water,frozen smoothie,rice,low fat yogurt,french fries,avocado,vegetables mix,chicken,asparagus,green tea,pasta,tomato juice,,
eggs,tomato juice,whole wheat rice,cookies,chocolate,almonds,milk,spaghetti,,,,,,,
asparagus,chocolate,green tea,avocado,cottage cheese,eggs,frozen smoothie,black tea,,,,,,,
green tea,sparkling water,black tea,milk,avocado,cookies,cooking oil,,,,,,,,
salmon,shrimp,whole wheat rice,cookies,avocado,mineral water,vegetables mix,turkey,tomato juice,chocolate,pepper,,,,
sparkling water,low fat yogurt,chicken,ground beef,pasta,,,,,,,,,,
green grapes,mineral water,chicken,grated cheese,cooking oil,energy bar,hamburger,green tea,turkey,vegetables mix,avocado,,,,
grated cheese,sparkling water,asparagus,frozen smoothie,turkey,,,,,,,,,,
low fat yogurt,grated cheese,rice,mineral water,cookies,green grapes,cooking oil,shrimp,frozen smoothie,milk,,,,,
black tea,,,,,,,,,,,,,,
turkey,chicken,,,,,,,,,,,,,
chicken,mayonnaise,eggs,low fat yogurt,grated cheese,milk,,,,,,,,,
shrimp,pepper,black tea,eggs,chocolate,green grapes,vegetables mix,spaghetti,whole wheat rice,turkey,,,,,
almonds,spaghetti,eggs,,,,,,,,,,,,
energy bar,green tea,low fat yogurt,mayonnaise,vegetables mix,tomato juice,frozen smoothie,milk,turkey,shrimp,cookies,,,,
french fries,whole wheat rice,chicken,avocado,cooking oil,pepper,tomato juice,green tea,,,,,,,
cottage cheese,almonds,frozen smoothie,ground beef,avocado,pasta,salmon,spaghetti,mineral water,eggs,chicken,,,,
frozen smoothie,green tea,almonds,vegetables mix,grated cheese,green grapes,ground beef,low fat yogurt,rice,cottage cheese,energy bar,pepper,spaghetti,shrimp,
asparagus,,,,,,,,,,,,,,
french fries,green grapes,ground beef,black tea,hamburger,turkey,mayonnaise,shrimp,almonds,mineral water,cooking oil,low fat yogurt,,,
turkey,,,,,,,,,,,,,,
mineral water,sparkling water,salmon,hamburger,rice,cooking oil,cookies,,,,,,,,
black tea,cottage cheese,grated cheese,cooking oil,pepper,cookies,mineral water,eggs,whole wheat rice,energy bar,green grapes,ground beef,salmon,low fat yogurt,
salmon,green tea,cooking oil,cookies,black tea,eggs,,,,,,,,,
asparagus,cottage cheese,shrimp,french fries,chicken,spaghetti,green tea,rice,,,,,,,
vegetables mix,eggs,frozen smoothie,cookies,turkey,cottage cheese,chicken,green tea,,,,,,,
pasta,tomato juice,cookies,salmon,green grapes,chicken,cottage cheese,grated cheese,spaghetti,sparkling water,,,,,
black tea,grated cheese,whole wheat rice,eggs,pepper,rice,chocolate,french fries,chicken,,,,,,
pepper,spaghetti,green grapes,frozen smoothie,mayonnaise,ground beef,french fries,grated cheese,,,,,,,
sparkling water,eggs,pasta,shrimp,milk,green tea,,,,,,,,,
cookies,tomato juice,chocolate,rice,eggs,whole wheat rice,ground beef,turkey,mineral water,,,,,,
almonds,avocado,turkey,french fries,spaghetti,rice,,,,,,,,,
low fat yogurt,milk,green tea,asparagus,cooking oil,grated cheese,chocolate,green grapes,salmon,frozen smoothie,spaghetti,turkey,,,
spaghetti,green grapes,tomato juice,turkey,eggs,,,,,,,,,,
sparkling water,whole wheat rice,vegetables mix,eggs,avocado,pepper,green tea,mineral water,,,,,,,
tomato juice,eggs,cooking oil,pepper,energy bar,french fries,chicken,,,,,,,,
shrimp,green grapes,turkey,milk,sparkling water,rice,pasta,tomato juice,pepper,french fries,eggs,,,,
cooking oil,,,,,,,,,,,,,,
green tea,turkey,hamburger,avocado,sparkling water,tomato juice,cookies,cooking oil,chocolate,milk,chicken,pasta,,,
hamburger,french fries,cottage cheese,frozen smoothie,whole wheat rice,ground beef,salmon,eggs,black tea,,,,,,
ground beef,cooking oil,cottage cheese,rice,grated cheese,avocado,pepper,vegetables mix,,,,,,,
hamburger,rice,grated cheese,pepper,chocolate,asparagus,turkey,,,,,,,,
hamburger,milk,low fat yogurt,asparagus,rice,ground beef,pasta,energy bar,turkey,avocado,shrimp,green tea,,,
low fat yogurt,tomato juice,french fries,frozen smoothie,whole wheat rice,mayonnaise,chocolate,hamburger,milk,spaghetti,pasta,cottage cheese,,,
cottage cheese,eggs,vegetables mix,asparagus,milk,low fat yogurt,cookies,whole wheat rice,energy bar,salmon,tomato juice,chicken,grated cheese,french fries,green grapes
milk,chocolate,rice,black tea,,,,,,,,,,,
chocolate,spaghetti,asparagus,black tea,almonds,,,,,,,,,,
whole wheat rice,cottage cheese,vegetables mix,chocolate,grated cheese,mineral water,,,,,,,,,
cookies,rice,almonds,low fat yogurt,mayonnaise,sparkling water,chocolate,chicken,cooking oil,black tea,salmon,cottage cheese,french fries,asparagus,hamburger
pepper,green tea,mayonnaise,chocolate,chicken,vegetables mix,hamburger,salmon,french fries,frozen smoothie,sparkling water,,,,
almonds,mayonnaise,tomato juice,rice,turkey,avocado,eggs,low fat yogurt,french fries,spaghetti,shrimp,vegetables mix,chocolate,,
green grapes,turkey,mineral water,asparagus,low fat yogurt,whole wheat rice,salmon,shrimp,grated cheese,,,,,,
cottage cheese,sparkling water,mineral water,rice,ground beef,mayonnaise,cooking oil,almonds,cookies,spaghetti,pasta,,,,
avocado,grated cheese,french fries,green grapes,frozen smoothie,ground beef,,,,,,,,,
frozen smoothie,salmon,grated cheese,ground beef,vegetables mix,pasta,chocolate,sparkling water,mayonnaise,pepper,hamburger,low fat yogurt,,,
avocado,cooking oil,grated cheese,tomato juice,ground beef,french fries,green grapes,low fat yogurt,shrimp,whole wheat rice,black tea,mayonnaise,green tea,eggs,
low fat yogurt,vegetables mix,cottage cheese,shrimp,black tea,green tea,eggs,cookies,chocolate,rice,milk,frozen smoothie,almonds,turkey,salmon
ground beef,low fat yogurt,almonds,french fries,green tea,,,,,,,,,,
chocolate,mineral water,vegetables mix,shrimp,eggs,french fries,,,,,,,,,
french fries,salmon,mayonnaise,shrimp,spaghetti,ground beef,cooking oil,chicken,milk,,,,,,
pepper,tomato juice,whole wheat rice,avocado,,,,,,,,,,,
whole wheat rice,milk,almonds,hamburger,mineral water,grated cheese,green grapes,black tea,low fat yogurt,energy bar,,,,,
sparkling water,spaghetti,pasta,turkey,energy bar,vegetables mix,whole wheat rice,salmon,avocado,ground beef,black tea,,,,
pasta,avocado,grated cheese,shrimp,cookies,chicken,energy bar,whole wheat rice,,,,,,,
asparagus,grated cheese,chocolate,cookies,vegetables mix,salmon,low fat yogurt,spaghetti,avocado,almonds,black tea,,,,
cookies,,,,,,,,,,,,,,
cottage cheese,,,,,,,,,,,,,,
chicken,rice,spaghetti,black tea,ground beef,grated cheese,asparagus,,,,,,,,
low fat yogurt,french fries,green grapes,spaghetti,eggs,almonds,whole wheat rice,,,,,,,,
salmon,grated cheese,french fries,cooking oil,rice,mayonnaise,cottage cheese,green tea,chocolate,,,,,,
low fat yogurt,black tea,,,,,,,,,,,,,
green grapes,salmon,milk,almonds,hamburger,cottage cheese,chicken,grated cheese,,,,,,,
cottage cheese,frozen smoothie,avocado,ground beef,rice,cooking oil,hamburger,,,,,,,,
whole wheat rice,green tea,salmon,almonds,pepper,black tea,cookies,turkey,frozen smoothie,ground beef,,,,,
green tea,whole wheat rice,milk,,,,,,,,,,,,
avocado,frozen smoothie,low fat yogurt,asparagus,energy bar,turkey,,,,,,,,,
milk,vegetables mix,chocolate,avocado,green grapes,eggs,chicken,cottage cheese,,,,,,,
rice,green tea,green grapes,low fat yogurt,avocado,grated cheese,mayonnaise,vegetables mix,chocolate,mineral water,hamburger,spaghetti,sparkling water,,
black tea,frozen smoothie,grated cheese,asparagus,pepper,green tea,green grapes,vegetables mix,milk,french fries,chocolate,low fat yogurt,rice,cooking oil,hamburger
spaghetti,vegetables mix,,,,,,,,,,,,,
cooking oil,ground beef,pasta,green tea,almonds,frozen smoothie,cookies,,,,,,,,
